block_size,threads,seq_time_s,par_time_s,speedup,t_outer,t_inner
1048576,1,52.3822,52.3822,1,1,1
1048576,2,52.3822,27.8754,1.87915,2,1
1048576,3,52.3822,27.7733,1.88607,2,1
1048576,4,52.3822,14.2516,3.67552,2,2
1048576,5,52.3822,20.7619,2.523,3,1
1048576,6,52.3822,10.7566,4.86976,3,2
1048576,7,52.3822,10.7254,4.88394,3,2
1048576,8,52.3822,10.7614,4.86758,3,2
1048576,9,52.3822,7.39576,7.08274,3,3
1048576,10,52.3822,8.68327,6.03255,4,2
1048576,11,52.3822,8.74092,5.99276,4,2
1048576,12,52.3822,6.08889,8.60293,4,3
1048576,13,52.3822,6.11563,8.5653,4,3
1048576,14,52.3822,6.05778,8.6471,4,3
1048576,15,52.3822,6.06378,8.63854,4,3
1048576,16,52.3822,5.09606,10.279,4,4
1048576,17,52.3822,5.80879,9.01776,5,3
1048576,18,52.3822,5.6475,9.2753,5,3
1048576,19,52.3822,5.65902,9.25641,5,3
1048576,20,52.3822,4.85736,10.7841,5,4
1048576,21,52.3822,4.87333,10.7488,5,4
1048576,22,52.3822,4.60266,11.3809,5,4
1048576,23,52.3822,4.82757,10.8506,5,4
1048576,24,52.3822,4.90072,10.6887,5,4
1048576,25,52.3822,4.16489,12.5771,5,5
1048576,26,52.3822,4.37334,11.9776,6,4
1048576,27,52.3822,4.41342,11.8688,6,4
1048576,28,52.3822,4.43228,11.8183,6,4
1048576,29,52.3822,4.39819,11.91,6,4
1048576,30,52.3822,3.94179,13.2889,6,5
1048576,31,52.3822,3.93337,13.3174,6,5
1048576,32,52.3822,3.96095,13.2247,6,5
1048576,33,52.3822,3.90258,13.4225,6,5
1048576,34,52.3822,4.05848,12.9069,6,5
1048576,35,52.3822,3.98992,13.1286,6,5
1048576,36,52.3822,3.64223,14.3819,6,6
1048576,37,52.3822,3.72386,14.0666,7,5
1048576,38,52.3822,3.80848,13.7541,7,5
1048576,39,52.3822,3.65431,14.3344,7,5
1048576,40,52.3822,3.80796,13.756,7,5
1048576,41,52.3822,3.72937,14.0459,7,5
1048576,42,52.3822,3.52494,14.8604,7,6
1048576,43,52.3822,3.4052,15.383,7,6
1048576,44,52.3822,3.11648,16.8081,7,6
1048576,45,52.3822,3.53999,14.7973,7,6
1048576,46,52.3822,3.10754,16.8565,7,6
1048576,47,52.3822,3.42942,15.2744,7,6
1048576,48,52.3822,3.41085,15.3575,7,6
1048576,49,52.3822,3.30675,15.841,7,7
1048576,50,52.3822,3.25116,16.1119,8,6
1048576,51,52.3822,3.28781,15.9323,8,6
1048576,52,52.3822,3.23932,16.1708,8,6
1048576,53,52.3822,3.23352,16.1998,8,6
1048576,54,52.3822,3.0586,17.1262,8,6
1048576,55,52.3822,3.16989,16.525,8,6
1048576,56,52.3822,2.88172,18.1774,8,7
1048576,57,52.3822,2.77678,18.8644,8,7
1048576,58,52.3822,2.7895,18.7784,8,7
1048576,59,52.3822,3.05591,17.1413,8,7
1048576,60,52.3822,2.90667,18.0214,8,7
1048576,61,52.3822,2.93482,17.8485,8,7
1048576,62,52.3822,2.92237,17.9245,8,7
1048576,63,52.3822,2.81812,18.5876,8,7
1048576,64,52.3822,2.62946,19.9213,8,8
1048576,65,52.3822,2.59953,20.1507,9,7
1048576,66,52.3822,2.74729,19.0669,9,7
1048576,67,52.3822,2.62853,19.9283,9,7
1048576,68,52.3822,2.57649,20.3309,9,7
1048576,69,52.3822,2.64057,19.8374,9,7
1048576,70,52.3822,2.7145,19.2972,9,7
1048576,71,52.3822,2.6861,19.5012,9,7
1048576,72,52.3822,2.53111,20.6954,9,8
1048576,73,52.3822,2.4635,21.2634,9,8
1048576,74,52.3822,2.50418,20.9179,9,8
1048576,75,52.3822,2.47249,21.186,9,8
1048576,76,52.3822,2.36213,22.1759,9,8
1048576,77,52.3822,2.53637,20.6525,9,8
1048576,78,52.3822,2.34687,22.3201,9,8
1048576,79,52.3822,2.55414,20.5088,9,8
1048576,80,52.3822,2.55651,20.4898,9,8
1048576,81,52.3822,2.35982,22.1976,9,9
1048576,82,52.3822,2.24968,23.2843,10,8
1048576,83,52.3822,2.25304,23.2496,10,8
1048576,84,52.3822,2.21422,23.6572,10,8
1048576,85,52.3822,2.2399,23.386,10,8
1048576,86,52.3822,2.23749,23.4112,10,8
1048576,87,52.3822,2.28145,22.96,10,8
1048576,88,52.3822,2.30186,22.7565,10,8
1048576,89,52.3822,2.24203,23.3637,10,8
1048576,90,52.3822,2.14487,24.4222,10,9
1048576,91,52.3822,2.17242,24.1124,10,9
1048576,92,52.3822,2.13048,24.5871,10,9
1048576,93,52.3822,2.14092,24.4671,10,9
1048576,94,52.3822,2.148,24.3865,10,9
1048576,95,52.3822,2.15136,24.3484,10,9
1048576,96,52.3822,2.13652,24.5176,10,9
2097152,1,53.1354,53.1354,1,1,1
2097152,2,53.1354,28.042,1.89485,2,1
2097152,3,53.1354,27.8724,1.90638,2,1
2097152,4,53.1354,14.4595,3.67477,2,2
2097152,5,53.1354,20.7017,2.56671,3,1
2097152,6,53.1354,10.877,4.88511,3,2
2097152,7,53.1354,10.9713,4.84314,3,2
2097152,8,53.1354,10.9216,4.86517,3,2
2097152,9,53.1354,7.45337,7.12904,3,3
2097152,10,53.1354,8.74999,6.07262,4,2
2097152,11,53.1354,8.73687,6.08174,4,2
2097152,12,53.1354,6.03395,8.80606,4,3
2097152,13,53.1354,6.07723,8.74335,4,3
2097152,14,53.1354,6.19005,8.584,4,3
2097152,15,53.1354,6.05289,8.77851,4,3
2097152,16,53.1354,4.77884,11.1189,4,4
2097152,17,53.1354,5.67499,9.36308,5,3
2097152,18,53.1354,5.83012,9.11394,5,3
2097152,19,53.1354,5.72678,9.27841,5,3
2097152,20,53.1354,4.87905,10.8905,5,4
2097152,21,53.1354,4.86147,10.9299,5,4
2097152,22,53.1354,4.8776,10.8938,5,4
2097152,23,53.1354,4.89184,10.8621,5,4
2097152,24,53.1354,4.90026,10.8434,5,4
2097152,25,53.1354,4.17058,12.7405,5,5
2097152,26,53.1354,4.39904,12.0788,6,4
2097152,27,53.1354,4.35504,12.2009,6,4
2097152,28,53.1354,4.45827,11.9184,6,4
2097152,29,53.1354,4.02942,13.1869,6,4
2097152,30,53.1354,3.85082,13.7985,6,5
2097152,31,53.1354,3.89279,13.6497,6,5
2097152,32,53.1354,3.50412,15.1637,6,5
2097152,33,53.1354,3.47618,15.2856,6,5
2097152,34,53.1354,3.42665,15.5065,6,5
2097152,35,53.1354,3.63654,14.6115,6,5
2097152,36,53.1354,3.64587,14.5741,6,6
2097152,37,53.1354,3.73569,14.2237,7,5
2097152,38,53.1354,3.74292,14.1962,7,5
2097152,39,53.1354,3.45105,15.3969,7,5
2097152,40,53.1354,3.32879,15.9624,7,5
2097152,41,53.1354,3.44799,15.4105,7,5
2097152,42,53.1354,3.14255,16.9084,7,6
2097152,43,53.1354,3.00222,17.6987,7,6
2097152,44,53.1354,3.17484,16.7364,7,6
2097152,45,53.1354,3.06915,17.3127,7,6
2097152,46,53.1354,3.00166,17.702,7,6
2097152,47,53.1354,3.57653,14.8567,7,6
2097152,48,53.1354,3.56443,14.9071,7,6
2097152,49,53.1354,3.32015,16.0039,7,7
2097152,50,53.1354,3.19663,16.6223,8,6
2097152,51,53.1354,2.88912,18.3916,8,6
2097152,52,53.1354,2.9481,18.0236,8,6
2097152,53,53.1354,2.96112,17.9444,8,6
2097152,54,53.1354,2.73466,19.4303,8,6
2097152,55,53.1354,3.12953,16.9787,8,6
2097152,56,53.1354,2.62645,20.2309,8,7
2097152,57,53.1354,2.67049,19.8972,8,7
2097152,58,53.1354,2.9538,17.9888,8,7
2097152,59,53.1354,2.88684,18.406,8,7
2097152,60,53.1354,2.68039,19.8237,8,7
2097152,61,53.1354,2.61004,20.358,8,7
2097152,62,53.1354,2.86806,18.5266,8,7
2097152,63,53.1354,2.81459,18.8786,8,7
2097152,64,53.1354,2.50387,21.2213,8,8
2097152,65,53.1354,2.57569,20.6296,9,7
2097152,66,53.1354,2.73752,19.4101,9,7
2097152,67,53.1354,2.62611,20.2335,9,7
2097152,68,53.1354,2.63016,20.2023,9,7
2097152,69,53.1354,2.76576,19.2118,9,7
2097152,70,53.1354,2.61591,20.3124,9,7
2097152,71,53.1354,2.63478,20.1669,9,7
2097152,72,53.1354,2.36512,22.4662,9,8
2097152,73,53.1354,2.55343,20.8094,9,8
2097152,74,53.1354,2.41754,21.9791,9,8
2097152,75,53.1354,2.6111,20.3498,9,8
2097152,76,53.1354,2.50509,21.2109,9,8
2097152,77,53.1354,2.44882,21.6984,9,8
2097152,78,53.1354,2.54012,20.9184,9,8
2097152,79,53.1354,2.59709,20.4596,9,8
2097152,80,53.1354,2.46949,21.5168,9,8
2097152,81,53.1354,2.38946,22.2374,9,9
2097152,82,53.1354,2.32392,22.8645,10,8
2097152,83,53.1354,2.26463,23.4632,10,8
2097152,84,53.1354,2.33206,22.7847,10,8
2097152,85,53.1354,2.27958,23.3093,10,8
2097152,86,53.1354,2.25138,23.6012,10,8
2097152,87,53.1354,2.27956,23.3095,10,8
2097152,88,53.1354,2.26697,23.439,10,8
2097152,89,53.1354,2.27417,23.3647,10,8
2097152,90,53.1354,2.24496,23.6687,10,9
2097152,91,53.1354,2.17955,24.3791,10,9
2097152,92,53.1354,2.18992,24.2636,10,9
2097152,93,53.1354,2.18996,24.2632,10,9
2097152,94,53.1354,2.19453,24.2127,10,9
2097152,95,53.1354,2.19252,24.2349,10,9
2097152,96,53.1354,2.17197,24.4641,10,9
3145728,1,53.1948,53.1948,1,1,1
3145728,2,53.1948,28.126,1.89131,2,1
3145728,3,53.1948,27.9529,1.90302,2,1
3145728,4,53.1948,14.4632,3.67793,2,2
3145728,5,53.1948,20.8254,2.55432,3,1
3145728,6,53.1948,10.8135,4.91932,3,2
3145728,7,53.1948,10.7714,4.93854,3,2
3145728,8,53.1948,10.813,4.91954,3,2
3145728,9,53.1948,7.48126,7.11041,3,3
3145728,10,53.1948,8.82621,6.02692,4,2
3145728,11,53.1948,8.78876,6.0526,4,2
3145728,12,53.1948,6.18856,8.59568,4,3
3145728,13,53.1948,6.14547,8.65594,4,3
3145728,14,53.1948,6.08631,8.74008,4,3
3145728,15,53.1948,6.0741,8.75765,4,3
3145728,16,53.1948,5.0227,10.5909,4,4
3145728,17,53.1948,5.92532,8.97755,5,3
3145728,18,53.1948,5.84642,9.09871,5,3
3145728,19,53.1948,5.88189,9.04383,5,3
3145728,20,53.1948,4.64066,11.4628,5,4
3145728,21,53.1948,4.86248,10.9399,5,4
3145728,22,53.1948,4.87648,10.9084,5,4
3145728,23,53.1948,4.71535,11.2812,5,4
3145728,24,53.1948,4.75152,11.1953,5,4
3145728,25,53.1948,3.96323,13.4221,5,5
3145728,26,53.1948,4.30685,12.3512,6,4
3145728,27,53.1948,4.06433,13.0882,6,4
3145728,28,53.1948,3.96747,13.4078,6,4
3145728,29,53.1948,4.21368,12.6243,6,4
3145728,30,53.1948,3.93503,13.5183,6,5
3145728,31,53.1948,3.99796,13.3055,6,5
3145728,32,53.1948,4.06422,13.0886,6,5
3145728,33,53.1948,3.84416,13.8378,6,5
3145728,34,53.1948,3.53876,15.0321,6,5
3145728,35,53.1948,3.6089,14.7399,6,5
3145728,36,53.1948,3.53989,15.0273,6,6
3145728,37,53.1948,3.82237,13.9167,7,5
3145728,38,53.1948,3.44605,15.4365,7,5
3145728,39,53.1948,3.88186,13.7034,7,5
3145728,40,53.1948,3.84085,13.8497,7,5
3145728,41,53.1948,3.97942,13.3675,7,5
3145728,42,53.1948,3.26722,16.2814,7,6
3145728,43,53.1948,3.01525,17.642,7,6
3145728,44,53.1948,3.10269,17.1447,7,6
3145728,45,53.1948,3.22075,16.5163,7,6
3145728,46,53.1948,3.10156,17.151,7,6
3145728,47,53.1948,3.12886,17.0014,7,6
3145728,48,53.1948,3.07094,17.322,7,6
3145728,49,53.1948,3.37794,15.7477,7,7
3145728,50,53.1948,2.93728,18.1102,8,6
3145728,51,53.1948,2.92664,18.1761,8,6
3145728,52,53.1948,2.87398,18.5092,8,6
3145728,53,53.1948,2.91817,18.2288,8,6
3145728,54,53.1948,3.1128,17.089,8,6
3145728,55,53.1948,3.12715,17.0107,8,6
3145728,56,53.1948,2.96486,17.9418,8,7
3145728,57,53.1948,2.80568,18.9597,8,7
3145728,58,53.1948,2.67213,19.9073,8,7
3145728,59,53.1948,2.64356,20.1224,8,7
3145728,60,53.1948,2.85286,18.6461,8,7
3145728,61,53.1948,2.90443,18.3151,8,7
3145728,62,53.1948,2.74731,19.3625,8,7
3145728,63,53.1948,2.83368,18.7723,8,7
3145728,64,53.1948,2.60294,20.4365,8,8
3145728,65,53.1948,2.62338,20.2772,9,7
3145728,66,53.1948,2.59526,20.4969,9,7
3145728,67,53.1948,2.67523,19.8842,9,7
3145728,68,53.1948,2.65988,19.9989,9,7
3145728,69,53.1948,2.79438,19.0364,9,7
3145728,70,53.1948,2.54468,20.9043,9,7
3145728,71,53.1948,2.73363,19.4594,9,7
3145728,72,53.1948,2.41257,22.049,9,8
3145728,73,53.1948,2.56374,20.7489,9,8
3145728,74,53.1948,2.43632,21.8341,9,8
3145728,75,53.1948,2.56981,20.6999,9,8
3145728,76,53.1948,2.60155,20.4474,9,8
3145728,77,53.1948,2.58184,20.6035,9,8
3145728,78,53.1948,2.50686,21.2197,9,8
3145728,79,53.1948,2.53111,21.0164,9,8
3145728,80,53.1948,2.40011,22.1635,9,8
3145728,81,53.1948,2.39244,22.2346,9,9
3145728,82,53.1948,2.35459,22.592,10,8
3145728,83,53.1948,2.34051,22.7279,10,8
3145728,84,53.1948,2.43844,21.8151,10,8
3145728,85,53.1948,2.29862,23.142,10,8
3145728,86,53.1948,2.34594,22.6752,10,8
3145728,87,53.1948,2.30516,23.0765,10,8
3145728,88,53.1948,2.31945,22.9342,10,8
3145728,89,53.1948,2.27263,23.4068,10,8
3145728,90,53.1948,2.1843,24.3533,10,9
3145728,91,53.1948,2.21155,24.0532,10,9
3145728,92,53.1948,2.25434,23.5967,10,9
3145728,93,53.1948,2.17813,24.4223,10,9
3145728,94,53.1948,2.19398,24.2459,10,9
3145728,95,53.1948,2.15249,24.7131,10,9
3145728,96,53.1948,2.20476,24.1272,10,9
4194304,1,53.3886,53.3886,1,1,1
4194304,2,53.3886,28.0823,1.90115,2,1
4194304,3,53.3886,28.0528,1.90315,2,1
4194304,4,53.3886,14.5481,3.6698,2,2
4194304,5,53.3886,21.0143,2.54059,3,1
4194304,6,53.3886,10.8731,4.91015,3,2
4194304,7,53.3886,10.9039,4.89627,3,2
4194304,8,53.3886,10.9203,4.88895,3,2
4194304,9,53.3886,7.73198,6.90491,3,3
4194304,10,53.3886,8.7626,6.09278,4,2
4194304,11,53.3886,8.71497,6.12608,4,2
4194304,12,53.3886,6.19467,8.61847,4,3
4194304,13,53.3886,6.22702,8.57371,4,3
4194304,14,53.3886,6.19859,8.61302,4,3
4194304,15,53.3886,6.2168,8.58779,4,3
4194304,16,53.3886,5.30517,10.0635,4,4
4194304,17,53.3886,5.75808,9.27194,5,3
4194304,18,53.3886,5.83345,9.15215,5,3
4194304,19,53.3886,5.82141,9.17109,5,3
4194304,20,53.3886,4.90251,10.8901,5,4
4194304,21,53.3886,4.68294,11.4007,5,4
4194304,22,53.3886,4.69104,11.381,5,4
4194304,23,53.3886,5.02103,10.633,5,4
4194304,24,53.3886,4.94481,10.7969,5,4
4194304,25,53.3886,4.22389,12.6397,5,5
4194304,26,53.3886,4.48428,11.9057,6,4
4194304,27,53.3886,4.01493,13.2975,6,4
4194304,28,53.3886,4.21524,12.6656,6,4
4194304,29,53.3886,4.22029,12.6505,6,4
4194304,30,53.3886,3.58763,14.8813,6,5
4194304,31,53.3886,3.59009,14.8711,6,5
4194304,32,53.3886,3.32626,16.0506,6,5
4194304,33,53.3886,3.73599,14.2904,6,5
4194304,34,53.3886,3.80984,14.0133,6,5
4194304,35,53.3886,3.61972,14.7494,6,5
4194304,36,53.3886,3.61788,14.7569,6,6
4194304,37,53.3886,3.7244,14.3348,7,5
4194304,38,53.3886,3.72263,14.3416,7,5
4194304,39,53.3886,3.43545,15.5405,7,5
4194304,40,53.3886,3.44818,15.4831,7,5
4194304,41,53.3886,3.29701,16.193,7,5
4194304,42,53.3886,3.1096,17.169,7,6
4194304,43,53.3886,2.98286,17.8985,7,6
4194304,44,53.3886,3.0195,17.6813,7,6
4194304,45,53.3886,3.00802,17.7488,7,6
4194304,46,53.3886,3.16038,16.8931,7,6
4194304,47,53.3886,3.03833,17.5717,7,6
4194304,48,53.3886,3.00672,17.7564,7,6
4194304,49,53.3886,2.82693,18.8857,7,7
4194304,50,53.3886,2.82363,18.9078,8,6
4194304,51,53.3886,3.03427,17.5952,8,6
4194304,52,53.3886,3.23526,16.5021,8,6
4194304,53,53.3886,3.12956,17.0594,8,6
4194304,54,53.3886,2.86762,18.6177,8,6
4194304,55,53.3886,2.87976,18.5393,8,6
4194304,56,53.3886,2.87504,18.5697,8,7
4194304,57,53.3886,2.71299,19.6789,8,7
4194304,58,53.3886,2.58345,20.6656,8,7
4194304,59,53.3886,2.75004,19.4138,8,7
4194304,60,53.3886,2.7419,19.4714,8,7
4194304,61,53.3886,2.80847,19.0099,8,7
4194304,62,53.3886,2.70661,19.7253,8,7
4194304,63,53.3886,2.59843,20.5465,8,7
4194304,64,53.3886,2.63957,20.2262,8,8
4194304,65,53.3886,2.79405,19.108,9,7
4194304,66,53.3886,2.70822,19.7135,9,7
4194304,67,53.3886,2.77504,19.2389,9,7
4194304,68,53.3886,2.7597,19.3458,9,7
4194304,69,53.3886,2.86463,18.6372,9,7
4194304,70,53.3886,2.71127,19.6914,9,7
4194304,71,53.3886,2.57021,20.7721,9,7
4194304,72,53.3886,2.62896,20.3079,9,8
4194304,73,53.3886,2.65478,20.1103,9,8
4194304,74,53.3886,2.69404,19.8173,9,8
4194304,75,53.3886,2.57504,20.7331,9,8
4194304,76,53.3886,2.60544,20.4912,9,8
4194304,77,53.3886,2.46421,21.6656,9,8
4194304,78,53.3886,2.48911,21.4488,9,8
4194304,79,53.3886,2.5135,21.2408,9,8
4194304,80,53.3886,2.51306,21.2445,9,8
4194304,81,53.3886,2.53836,21.0327,9,9
4194304,82,53.3886,2.32393,22.9734,10,8
4194304,83,53.3886,2.274,23.4778,10,8
4194304,84,53.3886,2.31864,23.0258,10,8
4194304,85,53.3886,2.36159,22.6071,10,8
4194304,86,53.3886,2.29575,23.2554,10,8
4194304,87,53.3886,2.30205,23.1918,10,8
4194304,88,53.3886,2.35001,22.7185,10,8
4194304,89,53.3886,2.31277,23.0843,10,8
4194304,90,53.3886,2.30604,23.1517,10,9
4194304,91,53.3886,2.19673,24.3037,10,9
4194304,92,53.3886,2.19937,24.2745,10,9
4194304,93,53.3886,2.19009,24.3774,10,9
4194304,94,53.3886,2.26733,23.547,10,9
4194304,95,53.3886,2.20274,24.2374,10,9
4194304,96,53.3886,2.23855,23.8496,10,9
5242880,1,54.0642,54.0642,1,1,1
5242880,2,54.0642,28.1069,1.92352,2,1
5242880,3,54.0642,28.1378,1.92141,2,1
5242880,4,54.0642,14.6681,3.68583,2,2
5242880,5,54.0642,20.9171,2.58469,3,1
5242880,6,54.0642,10.8778,4.97013,3,2
5242880,7,54.0642,10.9093,4.95577,3,2
5242880,8,54.0642,10.891,4.96413,3,2
5242880,9,54.0642,7.55342,7.15759,3,3
5242880,10,54.0642,8.77732,6.15954,4,2
5242880,11,54.0642,8.85351,6.10653,4,2
5242880,12,54.0642,6.16601,8.76811,4,3
5242880,13,54.0642,6.49619,8.32245,4,3
5242880,14,54.0642,6.10461,8.8563,4,3
5242880,15,54.0642,6.07642,8.89738,4,3
5242880,16,54.0642,5.15488,10.488,4,4
5242880,17,54.0642,5.75606,9.39257,5,3
5242880,18,54.0642,5.83956,9.25827,5,3
5242880,19,54.0642,5.92057,9.1316,5,3
5242880,20,54.0642,4.73928,11.4077,5,4
5242880,21,54.0642,4.71349,11.4701,5,4
5242880,22,54.0642,4.66261,11.5953,5,4
5242880,23,54.0642,4.78011,11.3103,5,4
5242880,24,54.0642,4.83803,11.1748,5,4
5242880,25,54.0642,4.09465,13.2036,5,5
5242880,26,54.0642,4.50782,11.9934,6,4
5242880,27,54.0642,4.45872,12.1255,6,4
5242880,28,54.0642,4.48046,12.0667,6,4
5242880,29,54.0642,4.18487,12.919,6,4
5242880,30,54.0642,3.85989,14.0067,6,5
5242880,31,54.0642,3.64684,14.8249,6,5
5242880,32,54.0642,3.76927,14.3434,6,5
5242880,33,54.0642,3.80686,14.2018,6,5
5242880,34,54.0642,3.71387,14.5574,6,5
5242880,35,54.0642,3.77437,14.3241,6,5
5242880,36,54.0642,3.22916,16.7425,6,6
5242880,37,54.0642,3.5603,15.1853,7,5
5242880,38,54.0642,3.40125,15.8954,7,5
5242880,39,54.0642,3.3236,16.2668,7,5
5242880,40,54.0642,3.48209,15.5264,7,5
5242880,41,54.0642,3.2837,16.4644,7,5
5242880,42,54.0642,3.16753,17.0682,7,6
5242880,43,54.0642,3.20143,16.8875,7,6
5242880,44,54.0642,3.42125,15.8025,7,6
5242880,45,54.0642,3.06263,17.6529,7,6
5242880,46,54.0642,3.1408,17.2135,7,6
5242880,47,54.0642,3.31099,16.3287,7,6
5242880,48,54.0642,3.46517,15.6022,7,6
5242880,49,54.0642,3.24134,16.6796,7,7
5242880,50,54.0642,3.17162,17.0463,8,6
5242880,51,54.0642,3.10611,17.4058,8,6
5242880,52,54.0642,3.08279,17.5374,8,6
5242880,53,54.0642,3.12789,17.2845,8,6
5242880,54,54.0642,3.13936,17.2214,8,6
5242880,55,54.0642,2.84014,19.0357,8,6
5242880,56,54.0642,2.60924,20.7203,8,7
5242880,57,54.0642,2.85069,18.9653,8,7
5242880,58,54.0642,2.7798,19.449,8,7
5242880,59,54.0642,2.66407,20.2938,8,7
5242880,60,54.0642,2.72885,19.8121,8,7
5242880,61,54.0642,2.63627,20.5079,8,7
5242880,62,54.0642,2.79889,19.3163,8,7
5242880,63,54.0642,2.88137,18.7634,8,7
5242880,64,54.0642,2.47736,21.8233,8,8
5242880,65,54.0642,2.58302,20.9306,9,7
5242880,66,54.0642,2.64851,20.4131,9,7
5242880,67,54.0642,2.75157,19.6485,9,7
5242880,68,54.0642,2.61515,20.6735,9,7
5242880,69,54.0642,2.61914,20.642,9,7
5242880,70,54.0642,2.62403,20.6035,9,7
5242880,71,54.0642,2.80305,19.2877,9,7
5242880,72,54.0642,2.67042,20.2456,9,8
5242880,73,54.0642,2.51892,21.4632,9,8
5242880,74,54.0642,2.56823,21.0512,9,8
5242880,75,54.0642,2.54674,21.2288,9,8
5242880,76,54.0642,2.70726,19.9701,9,8
5242880,77,54.0642,2.63873,20.4887,9,8
5242880,78,54.0642,2.57599,20.9877,9,8
5242880,79,54.0642,2.33341,23.1696,9,8
5242880,80,54.0642,2.47314,21.8606,9,8
5242880,81,54.0642,2.43502,22.2027,9,9
5242880,82,54.0642,2.28721,23.6376,10,8
5242880,83,54.0642,2.30177,23.4881,10,8
5242880,84,54.0642,2.31752,23.3285,10,8
5242880,85,54.0642,2.32811,23.2224,10,8
5242880,86,54.0642,2.34321,23.0727,10,8
5242880,87,54.0642,2.32308,23.2727,10,8
5242880,88,54.0642,2.41389,22.3971,10,8
5242880,89,54.0642,2.28472,23.6634,10,8
5242880,90,54.0642,2.22684,24.2785,10,9
5242880,91,54.0642,2.21079,24.4547,10,9
5242880,92,54.0642,2.24522,24.0797,10,9
5242880,93,54.0642,2.27602,23.7538,10,9
5242880,94,54.0642,2.2488,24.0413,10,9
5242880,95,54.0642,2.21305,24.4297,10,9
5242880,96,54.0642,2.26962,23.8208,10,9
6291456,1,53.43,53.43,1,1,1
6291456,2,53.43,28.2165,1.89357,2,1
6291456,3,53.43,28.0561,1.9044,2,1
6291456,4,53.43,14.5933,3.66126,2,2
6291456,5,53.43,20.9956,2.54482,3,1
6291456,6,53.43,10.9121,4.89641,3,2
6291456,7,53.43,10.9025,4.90073,3,2
6291456,8,53.43,10.8945,4.90432,3,2
6291456,9,53.43,7.70693,6.93272,3,3
6291456,10,53.43,8.86492,6.02713,4,2
6291456,11,53.43,8.77581,6.08833,4,2
6291456,12,53.43,6.41712,8.32616,4,3
6291456,13,53.43,6.45389,8.27872,4,3
6291456,14,53.43,6.34483,8.42103,4,3
6291456,15,53.43,6.31236,8.46434,4,3
6291456,16,53.43,5.19486,10.2852,4,4
6291456,17,53.43,6.13061,8.71528,5,3
6291456,18,53.43,5.94158,8.99256,5,3
6291456,19,53.43,5.95682,8.96954,5,3
6291456,20,53.43,5.0205,10.6424,5,4
6291456,21,53.43,4.85522,11.0046,5,4
6291456,22,53.43,5.03828,10.6048,5,4
6291456,23,53.43,5.01935,10.6448,5,4
6291456,24,53.43,5.0515,10.5771,5,4
6291456,25,53.43,4.06993,13.128,5,5
6291456,26,53.43,4.37443,12.2142,6,4
6291456,27,53.43,4.20568,12.7042,6,4
6291456,28,53.43,4.23863,12.6055,6,4
6291456,29,53.43,4.35788,12.2605,6,4
6291456,30,53.43,3.52949,15.1382,6,5
6291456,31,53.43,3.67024,14.5576,6,5
6291456,32,53.43,3.44312,15.5179,6,5
6291456,33,53.43,3.71524,14.3813,6,5
6291456,34,53.43,3.57309,14.9535,6,5
6291456,35,53.43,3.64606,14.6542,6,5
6291456,36,53.43,3.37821,15.8161,6,6
6291456,37,53.43,3.45656,15.4575,7,5
6291456,38,53.43,3.34319,15.9817,7,5
6291456,39,53.43,3.28971,16.2415,7,5
6291456,40,53.43,3.69386,14.4646,7,5
6291456,41,53.43,3.36687,15.8693,7,5
6291456,42,53.43,3.24644,16.458,7,6
6291456,43,53.43,3.04861,17.526,7,6
6291456,44,53.43,3.21889,16.5989,7,6
6291456,45,53.43,3.08996,17.2915,7,6
6291456,46,53.43,2.98083,17.9245,7,6
6291456,47,53.43,2.98412,17.9047,7,6
6291456,48,53.43,2.95347,18.0906,7,6
6291456,49,53.43,3.06123,17.4538,7,7
6291456,50,53.43,3.25054,16.4373,8,6
6291456,51,53.43,3.03392,17.6109,8,6
6291456,52,53.43,3.03084,17.6288,8,6
6291456,53,53.43,3.24322,16.4743,8,6
6291456,54,53.43,3.13285,17.0548,8,6
6291456,55,53.43,3.22197,16.583,8,6
6291456,56,53.43,2.95106,18.1054,8,7
6291456,57,53.43,3.0999,17.2361,8,7
6291456,58,53.43,2.79757,19.0987,8,7
6291456,59,53.43,3.01359,17.7297,8,7
6291456,60,53.43,3.02476,17.6642,8,7
6291456,61,53.43,3.06281,17.4447,8,7
6291456,62,53.43,3.15466,16.9368,8,7
6291456,63,53.43,3.04122,17.5686,8,7
6291456,64,53.43,2.568,20.8061,8,8
6291456,65,53.43,2.67058,20.0069,9,7
6291456,66,53.43,2.75341,19.405,9,7
6291456,67,53.43,2.68163,19.9244,9,7
6291456,68,53.43,2.65889,20.0948,9,7
6291456,69,53.43,2.656,20.1167,9,7
6291456,70,53.43,2.89438,18.4599,9,7
6291456,71,53.43,2.60297,20.5266,9,7
6291456,72,53.43,2.7376,19.5171,9,8
6291456,73,53.43,2.59513,20.5886,9,8
6291456,74,53.43,2.69323,19.8386,9,8
6291456,75,53.43,2.67234,19.9937,9,8
6291456,76,53.43,2.72452,19.6108,9,8
6291456,77,53.43,2.61809,20.408,9,8
6291456,78,53.43,2.52339,21.1739,9,8
6291456,79,53.43,2.60765,20.4897,9,8
6291456,80,53.43,2.70712,19.7368,9,8
6291456,81,53.43,2.49216,21.4392,9,9
6291456,82,53.43,2.30765,23.1534,10,8
6291456,83,53.43,2.35431,22.6946,10,8
6291456,84,53.43,2.28616,23.371,10,8
6291456,85,53.43,2.35691,22.6695,10,8
6291456,86,53.43,2.34804,22.7552,10,8
6291456,87,53.43,2.33342,22.8977,10,8
6291456,88,53.43,2.34913,22.7445,10,8
6291456,89,53.43,2.31105,23.1193,10,8
6291456,90,53.43,2.18102,24.4977,10,9
6291456,91,53.43,2.18877,24.4109,10,9
6291456,92,53.43,2.27968,23.4375,10,9
6291456,93,53.43,2.27687,23.4664,10,9
6291456,94,53.43,2.2308,23.951,10,9
6291456,95,53.43,2.24154,23.8363,10,9
6291456,96,53.43,2.29984,23.232,10,9
7340032,1,53.3843,53.3843,1,1,1
7340032,2,53.3843,28.1684,1.89519,2,1
7340032,3,53.3843,28.1581,1.89588,2,1
7340032,4,53.3843,14.7457,3.62033,2,2
7340032,5,53.3843,20.9125,2.55275,3,1
7340032,6,53.3843,10.9175,4.88979,3,2
7340032,7,53.3843,10.9123,4.89214,3,2
7340032,8,53.3843,10.8916,4.90143,3,2
7340032,9,53.3843,7.66788,6.96207,3,3
7340032,10,53.3843,8.77193,6.08581,4,2
7340032,11,53.3843,8.76395,6.09135,4,2
7340032,12,53.3843,6.26796,8.51701,4,3
7340032,13,53.3843,6.32053,8.44617,4,3
7340032,14,53.3843,6.30328,8.46929,4,3
7340032,15,53.3843,6.24884,8.54307,4,3
7340032,16,53.3843,5.23712,10.1934,4,4
7340032,17,53.3843,6.08375,8.7749,5,3
7340032,18,53.3843,6.08776,8.76912,5,3
7340032,19,53.3843,6.10598,8.74294,5,3
7340032,20,53.3843,5.09108,10.4858,5,4
7340032,21,53.3843,5.04501,10.5816,5,4
7340032,22,53.3843,4.76386,11.2061,5,4
7340032,23,53.3843,4.69396,11.373,5,4
7340032,24,53.3843,4.78055,11.167,5,4
7340032,25,53.3843,4.12082,12.9548,5,5
7340032,26,53.3843,4.15816,12.8385,6,4
7340032,27,53.3843,4.17025,12.8012,6,4
7340032,28,53.3843,4.3161,12.3687,6,4
7340032,29,53.3843,4.14929,12.8659,6,4
7340032,30,53.3843,3.47966,15.3418,6,5
7340032,31,53.3843,3.62192,14.7392,6,5
7340032,32,53.3843,4.00541,13.328,6,5
7340032,33,53.3843,3.95931,13.4832,6,5
7340032,34,53.3843,3.8792,13.7617,6,5
7340032,35,53.3843,3.82355,13.962,6,5
7340032,36,53.3843,3.15066,16.9439,6,6
7340032,37,53.3843,3.43185,15.5555,7,5
7340032,38,53.3843,3.46196,15.4202,7,5
7340032,39,53.3843,3.26433,16.3538,7,5
7340032,40,53.3843,3.45654,15.4444,7,5
7340032,41,53.3843,3.43222,15.5538,7,5
7340032,42,53.3843,3.12945,17.0587,7,6
7340032,43,53.3843,3.18661,16.7527,7,6
7340032,44,53.3843,3.00817,17.7464,7,6
7340032,45,53.3843,3.03206,17.6066,7,6
7340032,46,53.3843,3.24471,16.4527,7,6
7340032,47,53.3843,3.23754,16.4891,7,6
7340032,48,53.3843,3.25204,16.4156,7,6
7340032,49,53.3843,2.8732,18.5801,7,7
7340032,50,53.3843,2.81481,18.9655,8,6
7340032,51,53.3843,2.9239,18.2579,8,6
7340032,52,53.3843,2.89252,18.456,8,6
7340032,53,53.3843,2.91769,18.2967,8,6
7340032,54,53.3843,2.92008,18.2818,8,6
7340032,55,53.3843,2.88755,18.4878,8,6
7340032,56,53.3843,2.82369,18.9058,8,7
7340032,57,53.3843,2.79692,19.0868,8,7
7340032,58,53.3843,2.70846,19.7102,8,7
7340032,59,53.3843,2.72529,19.5885,8,7
7340032,60,53.3843,2.81386,18.9719,8,7
7340032,61,53.3843,2.84197,18.7843,8,7
7340032,62,53.3843,2.69283,19.8246,8,7
7340032,63,53.3843,2.62707,20.3208,8,7
7340032,64,53.3843,2.66614,20.023,8,8
7340032,65,53.3843,2.88571,18.4995,9,7
7340032,66,53.3843,2.71996,19.6269,9,7
7340032,67,53.3843,2.66723,20.0149,9,7
7340032,68,53.3843,2.79073,19.1291,9,7
7340032,69,53.3843,2.5783,20.7052,9,7
7340032,70,53.3843,2.61611,20.406,9,7
7340032,71,53.3843,2.87578,18.5634,9,7
7340032,72,53.3843,2.58194,20.6761,9,8
7340032,73,53.3843,2.5996,20.5355,9,8
7340032,74,53.3843,2.65491,20.1077,9,8
7340032,75,53.3843,2.69688,19.7948,9,8
7340032,76,53.3843,2.72633,19.581,9,8
7340032,77,53.3843,2.57871,20.7019,9,8
7340032,78,53.3843,2.63655,20.2478,9,8
7340032,79,53.3843,2.60051,20.5284,9,8
7340032,80,53.3843,2.60667,20.4799,9,8
7340032,81,53.3843,2.39646,22.2763,9,9
7340032,82,53.3843,2.25939,23.6278,10,8
7340032,83,53.3843,2.29152,23.2965,10,8
7340032,84,53.3843,2.29181,23.2935,10,8
7340032,85,53.3843,2.37666,22.4619,10,8
7340032,86,53.3843,2.33239,22.8882,10,8
7340032,87,53.3843,2.28082,23.4058,10,8
7340032,88,53.3843,2.29333,23.278,10,8
7340032,89,53.3843,2.32889,22.9226,10,8
7340032,90,53.3843,2.24991,23.7273,10,9
7340032,91,53.3843,2.28784,23.3339,10,9
7340032,92,53.3843,2.2188,24.06,10,9
7340032,93,53.3843,2.2169,24.0806,10,9
7340032,94,53.3843,2.2646,23.5734,10,9
7340032,95,53.3843,2.24793,23.7482,10,9
7340032,96,53.3843,2.22441,23.9993,10,9
8388608,1,53.1952,53.1952,1,1,1
8388608,2,53.1952,28.0443,1.89683,2,1
8388608,3,53.1952,28.0267,1.89802,2,1
8388608,4,53.1952,14.7975,3.59489,2,2
8388608,5,53.1952,20.9244,2.54225,3,1
8388608,6,53.1952,10.9782,4.84552,3,2
8388608,7,53.1952,10.9273,4.86811,3,2
8388608,8,53.1952,10.8826,4.8881,3,2
8388608,9,53.1952,7.60304,6.99657,3,3
8388608,10,53.1952,8.89709,5.97894,4,2
8388608,11,53.1952,8.85628,6.0065,4,2
8388608,12,53.1952,6.1575,8.63909,4,3
8388608,13,53.1952,6.25667,8.50216,4,3
8388608,14,53.1952,6.25441,8.50524,4,3
8388608,15,53.1952,6.11967,8.69249,4,3
8388608,16,53.1952,5.48002,9.70711,4,4
8388608,17,53.1952,5.97233,8.90695,5,3
8388608,18,53.1952,6.06056,8.77727,5,3
8388608,19,53.1952,5.96759,8.91402,5,3
8388608,20,53.1952,5.05795,10.5171,5,4
8388608,21,53.1952,5.10933,10.4114,5,4
8388608,22,53.1952,5.0956,10.4394,5,4
8388608,23,53.1952,5.09168,10.4475,5,4
8388608,24,53.1952,5.09472,10.4412,5,4
8388608,25,53.1952,4.14898,12.8213,5,5
8388608,26,53.1952,4.69298,11.3351,6,4
8388608,27,53.1952,4.31353,12.3322,6,4
8388608,28,53.1952,4.56951,11.6413,6,4
8388608,29,53.1952,4.28997,12.3999,6,4
8388608,30,53.1952,3.73836,14.2296,6,5
8388608,31,53.1952,3.71556,14.3169,6,5
8388608,32,53.1952,3.76987,14.1106,6,5
8388608,33,53.1952,3.72226,14.2911,6,5
8388608,34,53.1952,3.80917,13.965,6,5
8388608,35,53.1952,3.70103,14.3731,6,5
8388608,36,53.1952,3.3742,15.7653,6,6
8388608,37,53.1952,3.52467,15.0923,7,5
8388608,38,53.1952,3.44605,15.4366,7,5
8388608,39,53.1952,3.41508,15.5766,7,5
8388608,40,53.1952,3.40434,15.6257,7,5
8388608,41,53.1952,3.3825,15.7266,7,5
8388608,42,53.1952,3.22113,16.5144,7,6
8388608,43,53.1952,3.1452,16.9131,7,6
8388608,44,53.1952,3.12267,17.0352,7,6
8388608,45,53.1952,3.03825,17.5085,7,6
8388608,46,53.1952,3.10576,17.1279,7,6
8388608,47,53.1952,3.18829,16.6846,7,6
8388608,48,53.1952,3.30154,16.1122,7,6
8388608,49,53.1952,3.00024,17.7303,7,7
8388608,50,53.1952,3.1379,16.9525,8,6
8388608,51,53.1952,2.91925,18.2222,8,6
8388608,52,53.1952,2.91425,18.2535,8,6
8388608,53,53.1952,2.9258,18.1814,8,6
8388608,54,53.1952,2.98242,17.8362,8,6
8388608,55,53.1952,2.81453,18.9002,8,6
8388608,56,53.1952,2.93061,18.1516,8,7
8388608,57,53.1952,2.93197,18.1432,8,7
8388608,58,53.1952,2.85399,18.6389,8,7
8388608,59,53.1952,2.9471,18.05,8,7
8388608,60,53.1952,2.837,18.7505,8,7
8388608,61,53.1952,2.97238,17.8965,8,7
8388608,62,53.1952,2.79754,19.015,8,7
8388608,63,53.1952,2.86853,18.5444,8,7
8388608,64,53.1952,2.72855,19.4958,8,8
8388608,65,53.1952,2.74488,19.3798,9,7
8388608,66,53.1952,2.90845,18.2899,9,7
8388608,67,53.1952,2.7946,19.035,9,7
8388608,68,53.1952,2.74643,19.3689,9,7
8388608,69,53.1952,2.70164,19.69,9,7
8388608,70,53.1952,2.85435,18.6365,9,7
8388608,71,53.1952,2.76554,19.235,9,7
8388608,72,53.1952,2.7436,19.3888,9,8
8388608,73,53.1952,2.56389,20.7478,9,8
8388608,74,53.1952,2.56214,20.762,9,8
8388608,75,53.1952,2.62504,20.2645,9,8
8388608,76,53.1952,2.60477,20.4222,9,8
8388608,77,53.1952,2.52717,21.0493,9,8
8388608,78,53.1952,2.6522,20.057,9,8
8388608,79,53.1952,2.71794,19.5719,9,8
8388608,80,53.1952,2.59625,20.4893,9,8
8388608,81,53.1952,2.5901,20.5379,9,9
8388608,82,53.1952,2.37158,22.4303,10,8
8388608,83,53.1952,2.32931,22.8373,10,8
8388608,84,53.1952,2.40712,22.0991,10,8
8388608,85,53.1952,2.35268,22.6105,10,8
8388608,86,53.1952,2.35478,22.5903,10,8
8388608,87,53.1952,2.39666,22.1955,10,8
8388608,88,53.1952,2.39339,22.2259,10,8
8388608,89,53.1952,2.30931,23.0352,10,8
8388608,90,53.1952,2.22679,23.8888,10,9
8388608,91,53.1952,2.24083,23.7391,10,9
8388608,92,53.1952,2.27471,23.3855,10,9
8388608,93,53.1952,2.22092,23.9519,10,9
8388608,94,53.1952,2.19843,24.1969,10,9
8388608,95,53.1952,2.29182,23.2109,10,9
8388608,96,53.1952,2.26549,23.4807,10,9
9437184,1,53.3742,53.3742,1,1,1
9437184,2,53.3742,28.0433,1.90328,2,1
9437184,3,53.3742,27.9782,1.90771,2,1
9437184,4,53.3742,14.658,3.6413,2,2
9437184,5,53.3742,20.9699,2.54527,3,1
9437184,6,53.3742,10.9924,4.85554,3,2
9437184,7,53.3742,10.9907,4.85632,3,2
9437184,8,53.3742,11.026,4.84075,3,2
9437184,9,53.3742,7.65641,6.97118,3,3
9437184,10,53.3742,8.84652,6.03335,4,2
9437184,11,53.3742,9.03378,5.90828,4,2
9437184,12,53.3742,6.59141,8.09753,4,3
9437184,13,53.3742,6.6836,7.98584,4,3
9437184,14,53.3742,6.60418,8.08188,4,3
9437184,15,53.3742,6.7132,7.95063,4,3
9437184,16,53.3742,5.10273,10.4599,4,4
9437184,17,53.3742,6.12387,8.71576,5,3
9437184,18,53.3742,5.91491,9.02366,5,3
9437184,19,53.3742,5.84075,9.13824,5,3
9437184,20,53.3742,4.87059,10.9585,5,4
9437184,21,53.3742,4.92707,10.8328,5,4
9437184,22,53.3742,4.84927,11.0066,5,4
9437184,23,53.3742,5.06008,10.5481,5,4
9437184,24,53.3742,4.97184,10.7353,5,4
9437184,25,53.3742,4.21296,12.669,5,5
9437184,26,53.3742,4.366,12.2249,6,4
9437184,27,53.3742,4.17261,12.7916,6,4
9437184,28,53.3742,4.33837,12.3028,6,4
9437184,29,53.3742,4.30347,12.4026,6,4
9437184,30,53.3742,3.68437,14.4866,6,5
9437184,31,53.3742,3.84771,13.8717,6,5
9437184,32,53.3742,3.64554,14.6409,6,5
9437184,33,53.3742,3.66652,14.5572,6,5
9437184,34,53.3742,3.92714,13.5911,6,5
9437184,35,53.3742,4.00075,13.341,6,5
9437184,36,53.3742,3.45857,15.4324,6,6
9437184,37,53.3742,3.70393,14.4101,7,5
9437184,38,53.3742,3.80832,14.0151,7,5
9437184,39,53.3742,3.69292,14.4531,7,5
9437184,40,53.3742,3.62033,14.7429,7,5
9437184,41,53.3742,3.89471,13.7043,7,5
9437184,42,53.3742,3.36667,15.8537,7,6
9437184,43,53.3742,3.31969,16.078,7,6
9437184,44,53.3742,3.29387,16.2041,7,6
9437184,45,53.3742,3.27294,16.3077,7,6
9437184,46,53.3742,3.48271,15.3255,7,6
9437184,47,53.3742,3.17389,16.8166,7,6
9437184,48,53.3742,3.28333,16.2561,7,6
9437184,49,53.3742,3.10825,17.1718,7,7
9437184,50,53.3742,3.1705,16.8346,8,6
9437184,51,53.3742,3.25702,16.3874,8,6
9437184,52,53.3742,2.96995,17.9714,8,6
9437184,53,53.3742,2.98171,17.9005,8,6
9437184,54,53.3742,3.13683,17.0153,8,6
9437184,55,53.3742,3.06026,17.441,8,6
9437184,56,53.3742,2.76725,19.2878,8,7
9437184,57,53.3742,2.75948,19.3421,8,7
9437184,58,53.3742,2.89017,18.4675,8,7
9437184,59,53.3742,2.77881,19.2076,8,7
9437184,60,53.3742,3.02165,17.6639,8,7
9437184,61,53.3742,3.05497,17.4712,8,7
9437184,62,53.3742,2.80887,19.002,8,7
9437184,63,53.3742,2.76168,19.3267,8,7
9437184,64,53.3742,2.75333,19.3853,8,8
9437184,65,53.3742,2.64603,20.1714,9,7
9437184,66,53.3742,2.80832,19.0057,9,7
9437184,67,53.3742,2.74862,19.4186,9,7
9437184,68,53.3742,2.8165,18.9506,9,7
9437184,69,53.3742,2.92506,18.2472,9,7
9437184,70,53.3742,2.99661,17.8115,9,7
9437184,71,53.3742,2.67458,19.9561,9,7
9437184,72,53.3742,2.68628,19.8692,9,8
9437184,73,53.3742,2.58108,20.679,9,8
9437184,74,53.3742,2.61034,20.4472,9,8
9437184,75,53.3742,2.78063,19.195,9,8
9437184,76,53.3742,2.66413,20.0343,9,8
9437184,77,53.3742,2.68352,19.8896,9,8
9437184,78,53.3742,2.62376,20.3426,9,8
9437184,79,53.3742,2.52808,21.1125,9,8
9437184,80,53.3742,2.58726,20.6296,9,8
9437184,81,53.3742,2.47552,21.5608,9,9
9437184,82,53.3742,2.3543,22.6709,10,8
9437184,83,53.3742,2.35438,22.6702,10,8
9437184,84,53.3742,2.42921,21.9718,10,8
9437184,85,53.3742,2.44224,21.8546,10,8
9437184,86,53.3742,2.35694,22.6455,10,8
9437184,87,53.3742,2.3175,23.031,10,8
9437184,88,53.3742,2.33038,22.9036,10,8
9437184,89,53.3742,2.2886,23.3217,10,8
9437184,90,53.3742,2.23775,23.8517,10,9
9437184,91,53.3742,2.25066,23.7149,10,9
9437184,92,53.3742,2.20936,24.1582,10,9
9437184,93,53.3742,2.25142,23.7069,10,9
9437184,94,53.3742,2.20653,24.1892,10,9
9437184,95,53.3742,2.2076,24.1774,10,9
9437184,96,53.3742,2.17464,24.5439,10,9
10485760,1,52.816,52.816,1,1,1
10485760,2,52.816,28.0085,1.88571,2,1
10485760,3,52.816,27.964,1.88871,2,1
10485760,4,52.816,14.7755,3.57457,2,2
10485760,5,52.816,20.8255,2.53612,3,1
10485760,6,52.816,10.9528,4.82216,3,2
10485760,7,52.816,10.9528,4.82214,3,2
10485760,8,52.816,10.9553,4.82105,3,2
10485760,9,52.816,7.65555,6.89904,3,3
10485760,10,52.816,8.93705,5.90978,4,2
10485760,11,52.816,8.9034,5.93211,4,2
10485760,12,52.816,6.35317,8.31333,4,3
10485760,13,52.816,6.44721,8.19206,4,3
10485760,14,52.816,6.3883,8.26761,4,3
10485760,15,52.816,6.32498,8.35038,4,3
10485760,16,52.816,5.11078,10.3342,4,4
10485760,17,52.816,6.07411,8.69526,5,3
10485760,18,52.816,6.06467,8.70879,5,3
10485760,19,52.816,6.08306,8.68247,5,3
10485760,20,52.816,4.77142,11.0692,5,4
10485760,21,52.816,4.7874,11.0323,5,4
10485760,22,52.816,4.76582,11.0822,5,4
10485760,23,52.816,4.94342,10.6841,5,4
10485760,24,52.816,5.02084,10.5193,5,4
10485760,25,52.816,4.45638,11.8518,5,5
10485760,26,52.816,4.39192,12.0257,6,4
10485760,27,52.816,4.25887,12.4014,6,4
10485760,28,52.816,4.27656,12.3501,6,4
10485760,29,52.816,4.33628,12.18,6,4
10485760,30,52.816,3.67007,14.391,6,5
10485760,31,52.816,3.85365,13.7054,6,5
10485760,32,52.816,3.81466,13.8455,6,5
10485760,33,52.816,3.86186,13.6763,6,5
10485760,34,52.816,3.78453,13.9558,6,5
10485760,35,52.816,3.70076,14.2716,6,5
10485760,36,52.816,3.44454,15.3333,6,6
10485760,37,52.816,3.60513,14.6502,7,5
10485760,38,52.816,3.61756,14.5999,7,5
10485760,39,52.816,3.6329,14.5382,7,5
10485760,40,52.816,3.30507,15.9803,7,5
10485760,41,52.816,3.6928,14.3024,7,5
10485760,42,52.816,3.14283,16.8052,7,6
10485760,43,52.816,3.12638,16.8937,7,6
10485760,44,52.816,3.39844,15.5412,7,6
10485760,45,52.816,2.95219,17.8905,7,6
10485760,46,52.816,3.20471,16.4807,7,6
10485760,47,52.816,3.18534,16.5809,7,6
10485760,48,52.816,3.04346,17.3539,7,6
10485760,49,52.816,3.00188,17.5943,7,7
10485760,50,52.816,2.92667,18.0464,8,6
10485760,51,52.816,2.97535,17.7512,8,6
10485760,52,52.816,2.90493,18.1815,8,6
10485760,53,52.816,2.819,18.7357,8,6
10485760,54,52.816,3.0737,17.1832,8,6
10485760,55,52.816,3.10178,17.0276,8,6
10485760,56,52.816,2.91358,18.1275,8,7
10485760,57,52.816,2.87502,18.3707,8,7
10485760,58,52.816,3.03245,17.4169,8,7
10485760,59,52.816,2.92685,18.0453,8,7
10485760,60,52.816,2.91042,18.1472,8,7
10485760,61,52.816,2.73011,19.3458,8,7
10485760,62,52.816,2.93062,18.0221,8,7
10485760,63,52.816,2.77535,19.0304,8,7
10485760,64,52.816,2.61817,20.1728,8,8
10485760,65,52.816,2.72068,19.4128,9,7
10485760,66,52.816,2.91538,18.1163,9,7
10485760,67,52.816,2.96717,17.8001,9,7
10485760,68,52.816,2.8022,18.848,9,7
10485760,69,52.816,2.8294,18.6669,9,7
10485760,70,52.816,2.71233,19.4725,9,7
10485760,71,52.816,2.81281,18.7769,9,7
10485760,72,52.816,2.73315,19.3242,9,8
10485760,73,52.816,2.66296,19.8335,9,8
10485760,74,52.816,2.70014,19.5605,9,8
10485760,75,52.816,2.70261,19.5426,9,8
10485760,76,52.816,2.56268,20.6097,9,8
10485760,77,52.816,2.55533,20.669,9,8
10485760,78,52.816,2.73142,19.3364,9,8
10485760,79,52.816,2.53366,20.8457,9,8
10485760,80,52.816,2.76987,19.068,9,8
10485760,81,52.816,2.62655,20.1085,9,9
10485760,82,52.816,2.26353,23.3335,10,8
10485760,83,52.816,2.37044,22.281,10,8
10485760,84,52.816,2.35132,22.4623,10,8
10485760,85,52.816,2.30197,22.9438,10,8
10485760,86,52.816,2.33073,22.6607,10,8
10485760,87,52.816,2.32012,22.7643,10,8
10485760,88,52.816,2.31269,22.8374,10,8
10485760,89,52.816,2.21961,23.7952,10,8
10485760,90,52.816,2.26078,23.3618,10,9
10485760,91,52.816,2.22578,23.7292,10,9
10485760,92,52.816,2.2633,23.3358,10,9
10485760,93,52.816,2.21836,23.8085,10,9
10485760,94,52.816,2.21373,23.8584,10,9
10485760,95,52.816,2.25186,23.4544,10,9
10485760,96,52.816,2.19443,24.0682,10,9
11534336,1,52.8204,52.8204,1,1,1
11534336,2,52.8204,28.0077,1.88592,2,1
11534336,3,52.8204,28.0126,1.88559,2,1
11534336,4,52.8204,14.8307,3.56156,2,2
11534336,5,52.8204,20.817,2.53736,3,1
11534336,6,52.8204,10.981,4.81017,3,2
11534336,7,52.8204,10.9841,4.8088,3,2
11534336,8,52.8204,10.9781,4.81145,3,2
11534336,9,52.8204,7.90637,6.68074,3,3
11534336,10,52.8204,8.95952,5.89544,4,2
11534336,11,52.8204,8.96774,5.89004,4,2
11534336,12,52.8204,6.47743,8.15452,4,3
11534336,13,52.8204,6.4019,8.25073,4,3
11534336,14,52.8204,6.44543,8.19501,4,3
11534336,15,52.8204,6.44758,8.19227,4,3
11534336,16,52.8204,5.15782,10.2408,4,4
11534336,17,52.8204,6.0241,8.76818,5,3
11534336,18,52.8204,5.97218,8.84441,5,3
11534336,19,52.8204,5.98178,8.8302,5,3
11534336,20,52.8204,4.89713,10.786,5,4
11534336,21,52.8204,4.87313,10.8391,5,4
11534336,22,52.8204,4.92695,10.7207,5,4
11534336,23,52.8204,4.91005,10.7576,5,4
11534336,24,52.8204,4.74998,11.1201,5,4
11534336,25,52.8204,4.40579,11.9888,5,5
11534336,26,52.8204,4.50402,11.7274,6,4
11534336,27,52.8204,4.57408,11.5477,6,4
11534336,28,52.8204,4.39682,12.0133,6,4
11534336,29,52.8204,4.46224,11.8372,6,4
11534336,30,52.8204,3.79487,13.9189,6,5
11534336,31,52.8204,3.99322,13.2275,6,5
11534336,32,52.8204,3.86204,13.6768,6,5
11534336,33,52.8204,3.60574,14.649,6,5
11534336,34,52.8204,3.80781,13.8716,6,5
11534336,35,52.8204,3.80425,13.8846,6,5
11534336,36,52.8204,3.2902,16.0539,6,6
11534336,37,52.8204,3.48753,15.1455,7,5
11534336,38,52.8204,3.61853,14.5972,7,5
11534336,39,52.8204,3.46499,15.244,7,5
11534336,40,52.8204,3.57897,14.7585,7,5
11534336,41,52.8204,3.51727,15.0174,7,5
11534336,42,52.8204,3.23809,16.3122,7,6
11534336,43,52.8204,3.10799,16.995,7,6
11534336,44,52.8204,3.1415,16.8137,7,6
11534336,45,52.8204,3.26876,16.1592,7,6
11534336,46,52.8204,3.04066,17.3713,7,6
11534336,47,52.8204,3.23497,16.3279,7,6
11534336,48,52.8204,3.25013,16.2518,7,6
11534336,49,52.8204,3.1632,16.6984,7,7
11534336,50,52.8204,3.01225,17.5352,8,6
11534336,51,52.8204,3.08106,17.1436,8,6
11534336,52,52.8204,2.96018,17.8437,8,6
11534336,53,52.8204,3.20313,16.4903,8,6
11534336,54,52.8204,3.03744,17.3898,8,6
11534336,55,52.8204,3.04511,17.3459,8,6
11534336,56,52.8204,2.88397,18.3152,8,7
11534336,57,52.8204,2.87409,18.3781,8,7
11534336,58,52.8204,2.91698,18.1079,8,7
11534336,59,52.8204,2.75057,19.2034,8,7
11534336,60,52.8204,2.66546,19.8166,8,7
11534336,61,52.8204,2.96118,17.8376,8,7
11534336,62,52.8204,2.8773,18.3576,8,7
11534336,63,52.8204,2.92738,18.0435,8,7
11534336,64,52.8204,2.76928,19.0737,8,8
11534336,65,52.8204,2.85211,18.5198,9,7
11534336,66,52.8204,2.82608,18.6903,9,7
11534336,67,52.8204,3.00985,17.5492,9,7
11534336,68,52.8204,2.93838,17.976,9,7
11534336,69,52.8204,2.96409,17.8201,9,7
11534336,70,52.8204,3.00011,17.6062,9,7
11534336,71,52.8204,2.94868,17.9132,9,7
11534336,72,52.8204,2.68972,19.6379,9,8
11534336,73,52.8204,2.71186,19.4775,9,8
11534336,74,52.8204,2.64105,19.9997,9,8
11534336,75,52.8204,2.75152,19.1968,9,8
11534336,76,52.8204,2.77011,19.0679,9,8
11534336,77,52.8204,2.5369,20.8208,9,8
11534336,78,52.8204,2.67029,19.7808,9,8
11534336,79,52.8204,2.61919,20.1667,9,8
11534336,80,52.8204,2.57764,20.4918,9,8
11534336,81,52.8204,2.65006,19.9318,9,9
11534336,82,52.8204,2.48784,21.2314,10,8
11534336,83,52.8204,2.34751,22.5006,10,8
11534336,84,52.8204,2.2967,22.9984,10,8
11534336,85,52.8204,2.42982,21.7384,10,8
11534336,86,52.8204,2.27824,23.1847,10,8
11534336,87,52.8204,2.31705,22.7964,10,8
11534336,88,52.8204,2.45237,21.5385,10,8
11534336,89,52.8204,2.35569,22.4224,10,8
11534336,90,52.8204,2.26041,23.3676,10,9
11534336,91,52.8204,2.3367,22.6047,10,9
11534336,92,52.8204,2.29127,23.0529,10,9
11534336,93,52.8204,2.2803,23.1638,10,9
11534336,94,52.8204,2.31298,22.8365,10,9
11534336,95,52.8204,2.25059,23.4695,10,9
11534336,96,52.8204,2.27651,23.2024,10,9
12582912,1,52.7182,52.7182,1,1,1
12582912,2,52.7182,27.8781,1.89102,2,1
12582912,3,52.7182,27.847,1.89314,2,1
12582912,4,52.7182,14.6269,3.60419,2,2
12582912,5,52.7182,20.7901,2.53574,3,1
12582912,6,52.7182,10.9075,4.83321,3,2
12582912,7,52.7182,10.9194,4.82795,3,2
12582912,8,52.7182,10.8963,4.83815,3,2
12582912,9,52.7182,7.80356,6.75566,3,3
12582912,10,52.7182,8.68383,6.07085,4,2
12582912,11,52.7182,8.65328,6.09228,4,2
12582912,12,52.7182,6.26144,8.4195,4,3
12582912,13,52.7182,6.33049,8.32767,4,3
12582912,14,52.7182,6.28306,8.39054,4,3
12582912,15,52.7182,6.31473,8.34845,4,3
12582912,16,52.7182,5.16096,10.2148,4,4
12582912,17,52.7182,5.91885,8.90683,5,3
12582912,18,52.7182,5.8585,8.99859,5,3
12582912,19,52.7182,5.91686,8.90983,5,3
12582912,20,52.7182,4.84887,10.8723,5,4
12582912,21,52.7182,4.70294,11.2096,5,4
12582912,22,52.7182,4.8423,10.887,5,4
12582912,23,52.7182,4.88795,10.7853,5,4
12582912,24,52.7182,4.71327,11.1851,5,4
12582912,25,52.7182,4.19298,12.573,5,5
12582912,26,52.7182,4.57534,11.5222,6,4
12582912,27,52.7182,4.28826,12.2936,6,4
12582912,28,52.7182,4.2378,12.44,6,4
12582912,29,52.7182,4.20985,12.5226,6,4
12582912,30,52.7182,3.64777,14.4522,6,5
12582912,31,52.7182,3.47405,15.1749,6,5
12582912,32,52.7182,3.67145,14.359,6,5
12582912,33,52.7182,3.67681,14.338,6,5
12582912,34,52.7182,3.91157,13.4775,6,5
12582912,35,52.7182,3.63974,14.4841,6,5
12582912,36,52.7182,3.52586,14.9519,6,6
12582912,37,52.7182,3.40799,15.469,7,5
12582912,38,52.7182,3.45689,15.2502,7,5
12582912,39,52.7182,3.34193,15.7748,7,5
12582912,40,52.7182,3.40193,15.4965,7,5
12582912,41,52.7182,3.37522,15.6192,7,5
12582912,42,52.7182,3.36465,15.6683,7,6
12582912,43,52.7182,3.3997,15.5067,7,6
12582912,44,52.7182,3.29602,15.9945,7,6
12582912,45,52.7182,3.39714,15.5184,7,6
12582912,46,52.7182,3.3064,15.9443,7,6
12582912,47,52.7182,3.37866,15.6033,7,6
12582912,48,52.7182,3.25939,16.1742,7,6
12582912,49,52.7182,3.02535,17.4255,7,7
12582912,50,52.7182,3.33868,15.7901,8,6
12582912,51,52.7182,3.13563,16.8126,8,6
12582912,52,52.7182,3.13798,16.8001,8,6
12582912,53,52.7182,3.12688,16.8597,8,6
12582912,54,52.7182,3.24517,16.2451,8,6
12582912,55,52.7182,2.95585,17.8352,8,6
12582912,56,52.7182,2.66915,19.7509,8,7
12582912,57,52.7182,2.79387,18.8692,8,7
12582912,58,52.7182,2.77093,19.0255,8,7
12582912,59,52.7182,2.7523,19.1542,8,7
12582912,60,52.7182,2.98918,17.6363,8,7
12582912,61,52.7182,2.89228,18.2272,8,7
12582912,62,52.7182,2.7336,19.2853,8,7
12582912,63,52.7182,2.85912,18.4386,8,7
12582912,64,52.7182,2.92765,18.007,8,8
12582912,65,52.7182,2.63594,19.9998,9,7
12582912,66,52.7182,2.63216,20.0285,9,7
12582912,67,52.7182,2.7232,19.3589,9,7
12582912,68,52.7182,2.58989,20.3554,9,7
12582912,69,52.7182,2.51623,20.9512,9,7
12582912,70,52.7182,2.76935,19.0363,9,7
12582912,71,52.7182,2.52868,20.8481,9,7
12582912,72,52.7182,2.71037,19.4506,9,8
12582912,73,52.7182,2.73201,19.2965,9,8
12582912,74,52.7182,2.72836,19.3223,9,8
12582912,75,52.7182,2.61094,20.1913,9,8
12582912,76,52.7182,2.82934,18.6327,9,8
12582912,77,52.7182,2.84522,18.5287,9,8
12582912,78,52.7182,2.73792,19.2548,9,8
12582912,79,52.7182,2.81019,18.7597,9,8
12582912,80,52.7182,2.90545,18.1446,9,8
12582912,81,52.7182,2.85573,18.4605,9,9
12582912,82,52.7182,2.39689,21.9944,10,8
12582912,83,52.7182,2.40507,21.9196,10,8
12582912,84,52.7182,2.39294,22.0307,10,8
12582912,85,52.7182,2.3703,22.2412,10,8
12582912,86,52.7182,2.41643,21.8166,10,8
12582912,87,52.7182,2.43631,21.6385,10,8
12582912,88,52.7182,2.34602,22.4714,10,8
12582912,89,52.7182,2.33835,22.5451,10,8
12582912,90,52.7182,2.30029,22.918,10,9
12582912,91,52.7182,2.39332,22.0273,10,9
12582912,92,52.7182,2.40375,21.9316,10,9
12582912,93,52.7182,2.39878,21.9771,10,9
12582912,94,52.7182,2.34645,22.4672,10,9
12582912,95,52.7182,2.36727,22.2697,10,9
12582912,96,52.7182,2.34587,22.4728,10,9
